USE hardware_sales;

SET NAMES utf8mb4;
SET FOREIGN_KEY_CHECKS = 0;

-- ----------------------------
-- 基础账号与演示用户
-- ----------------------------
UPDATE sys_user
SET nickname = '业务管理员',
    phone = '13800138000',
    status = 1
WHERE id = 1;

INSERT INTO sys_user (id, username, password, nickname, phone, role, status, create_time, update_time) VALUES
    (21, 'customer_demo_01', '$2a$10$kz.6hN31xf22XCCLuA3EM.sNM1wIZA2h1/SpD6L18Sh10TlIpsbHq', '王晓雨', '13700001111', 'CUSTOMER', 1, '2026-03-01 09:10:00', '2026-03-01 09:10:00'),
    (22, 'customer_demo_02', '$2a$10$kz.6hN31xf22XCCLuA3EM.sNM1wIZA2h1/SpD6L18Sh10TlIpsbHq', '李明轩', '13700002222', 'CUSTOMER', 1, '2026-03-01 09:15:00', '2026-03-01 09:15:00'),
    (101, 'supplier_tool_01', '$2a$10$kz.6hN31xf22XCCLuA3EM.sNM1wIZA2h1/SpD6L18Sh10TlIpsbHq', '林锋', '13910000001', 'SUPPLIER', 1, '2026-03-01 09:30:00', '2026-03-01 09:30:00'),
    (102, 'supplier_hand_01', '$2a$10$kz.6hN31xf22XCCLuA3EM.sNM1wIZA2h1/SpD6L18Sh10TlIpsbHq', '周莹', '13910000002', 'SUPPLIER', 1, '2026-03-01 09:35:00', '2026-03-01 09:35:00'),
    (103, 'supplier_pipe_01', '$2a$10$kz.6hN31xf22XCCLuA3EM.sNM1wIZA2h1/SpD6L18Sh10TlIpsbHq', '陈波', '13910000003', 'SUPPLIER', 1, '2026-03-01 09:40:00', '2026-03-01 09:40:00'),
    (104, 'supplier_wire_01', '$2a$10$kz.6hN31xf22XCCLuA3EM.sNM1wIZA2h1/SpD6L18Sh10TlIpsbHq', '吴倩', '13910000004', 'SUPPLIER', 1, '2026-03-01 09:45:00', '2026-03-01 09:45:00'),
    (105, 'supplier_mix_01', '$2a$10$kz.6hN31xf22XCCLuA3EM.sNM1wIZA2h1/SpD6L18Sh10TlIpsbHq', '赵峰', '13910000005', 'SUPPLIER', 1, '2026-03-01 09:50:00', '2026-03-01 09:50:00'),
    (106, 'supplier_pending_01', '$2a$10$kz.6hN31xf22XCCLuA3EM.sNM1wIZA2h1/SpD6L18Sh10TlIpsbHq', '待审核用户', '13910000006', '', 1, '2026-03-01 09:55:00', '2026-03-01 09:55:00');

-- ----------------------------
-- 商品分类
-- ----------------------------
INSERT INTO product_category (id, name, sort, status, create_time) VALUES
    (1, '电动工具', 1, 1, '2026-03-01 10:00:00'),
    (2, '手动工具', 2, 1, '2026-03-01 10:00:00'),
    (3, '紧固件', 3, 1, '2026-03-01 10:00:00'),
    (4, '水暖配件', 4, 1, '2026-03-01 10:00:00'),
    (5, '电工电料', 5, 1, '2026-03-01 10:00:00'),
    (6, '劳保耗材', 6, 1, '2026-03-01 10:00:00');

-- ----------------------------
-- 商品
-- ----------------------------
INSERT INTO product (id, category_id, name, brand, spec, description, unit, purchase_price, sale_price, stock, restock_threshold, restock_status, restock_supplier_id, create_time, update_time) VALUES
    (1, 1, '电钻', '博世', 'GSB 13 RE', '常用于墙面打孔和基础安装作业', '台', 335.00, 499.00, 6, 8, 1, 1, '2026-03-01 10:30:00', '2026-03-24 08:10:00'),
    (2, 1, '角磨机', '东成', 'S1M-FF03-100A', '适用于打磨、除锈和金属切割', '台', 420.00, 699.00, 4, 6, 0, NULL, '2026-03-01 10:31:00', '2026-03-22 18:00:00'),
    (3, 1, '冲击钻头套装', '博世', '16件套', '混凝土和砖墙常用钻头组合', '盒', 45.00, 89.00, 18, 10, 0, NULL, '2026-03-01 10:32:00', '2026-03-22 18:00:00'),
    (4, 2, '活动扳手', '世达', '12寸', '门店常销的通用手动扳手', '把', 40.00, 69.00, 12, 5, 0, NULL, '2026-03-01 10:33:00', '2026-03-22 18:00:00'),
    (5, 2, '十字螺丝刀套装', '世达', '6件套', '适用于日常安装和检修作业', '套', 16.00, 39.00, 30, 12, 0, NULL, '2026-03-01 10:34:00', '2026-03-22 18:00:00'),
    (6, 3, '膨胀螺丝', '固万基', 'M8*80', '墙体安装常用紧固件', '盒', 0.58, 1.20, 120, 40, 0, NULL, '2026-03-01 10:35:00', '2026-03-22 18:00:00'),
    (7, 4, 'PPR弯头', '联塑', '20mm', '家装和物业维修高频使用配件', '个', 2.90, 5.80, 9, 10, 0, NULL, '2026-03-01 10:36:00', '2026-03-22 18:00:00'),
    (8, 4, '铜球阀', '日丰', '4分', '给排水管路常用阀门', '个', 25.00, 49.00, 15, 8, 0, NULL, '2026-03-01 10:37:00', '2026-03-22 18:00:00'),
    (9, 5, 'BV2.5电线', '德力西', '100米/卷', '工地和门店走量较高的电工材料', '卷', 165.00, 229.00, 7, 10, 1, 4, '2026-03-01 10:38:00', '2026-03-24 08:30:00'),
    (10, 5, '漏电保护器', '正泰', '2P32A', '配电箱和家装常用电气保护器件', '个', 92.00, 139.00, 11, 6, 0, NULL, '2026-03-01 10:39:00', '2026-03-22 18:00:00'),
    (11, 6, '防割手套', '3M', 'L码', '仓储、切割和搬运作业防护用品', '双', 7.00, 18.00, 40, 10, 0, NULL, '2026-03-01 10:40:00', '2026-03-22 18:00:00'),
    (12, 1, '切割片', '金钻', '105mm', '角磨机常配耗材，门店走量快', '片', 6.20, 12.50, 3, 5, 0, NULL, '2026-03-01 10:41:00', '2026-03-22 18:00:00');

-- ----------------------------
-- 供应商
-- ----------------------------
INSERT INTO supplier (id, user_id, company_name, contact_person, contact_phone, address, business_scope, audit_status, audit_remark, create_time, update_time) VALUES
    (1, 101, '华南电动工具供应中心', '林锋', '13910000001', '广州市白云区五金商贸城A区12号', '电钻、角磨机、切割片、电动工具耗材', 1, '审核通过', '2026-03-01 11:00:00', '2026-03-02 09:00:00'),
    (2, 102, '众鑫手工具商行', '周莹', '13910000002', '佛山市南海区黄岐五金街8号', '活动扳手、螺丝刀、劳保手套', 1, '审核通过', '2026-03-01 11:05:00', '2026-03-02 09:05:00'),
    (3, 103, '宏达紧固水暖有限公司', '陈波', '13910000003', '中山市小榄镇水暖配件工业园3栋', '膨胀螺丝、PPR管件、阀门', 1, '审核通过', '2026-03-01 11:10:00', '2026-03-02 09:10:00'),
    (4, 104, '安泰电工材料有限公司', '吴倩', '13910000004', '深圳市龙岗区电工材料市场2层', '电线、电缆、保护器、电气辅材', 1, '审核通过', '2026-03-01 11:15:00', '2026-03-02 09:15:00'),
    (5, 105, '联兴综合五金商贸', '赵峰', '13910000005', '东莞市厚街镇五金大道18号', '综合五金、电动工具补货、水暖常备件', 1, '审核通过', '2026-03-01 11:20:00', '2026-03-02 09:20:00'),
    (6, 106, '待审核测试供应商', '待审核用户', '13910000006', '惠州市惠阳区演示路6号', '测试供应商资料，未正式启用', 0, '资料待补充', '2026-03-01 11:25:00', '2026-03-02 09:25:00');

-- ----------------------------
-- 供应商商品报价
-- ----------------------------
INSERT INTO supplier_product (id, supplier_id, product_id, supply_price, remark, create_time, update_time) VALUES
    (1, 1, 1, 286.00, '博世现货，48小时内发货', '2026-03-02 10:00:00', '2026-03-22 10:00:00'),
    (2, 1, 2, 398.00, '整机带保修卡', '2026-03-02 10:02:00', '2026-03-22 10:02:00'),
    (3, 1, 3, 42.00, '可整盒配送', '2026-03-02 10:04:00', '2026-03-22 10:04:00'),
    (4, 1, 12, 5.80, '耗材常备库存', '2026-03-02 10:06:00', '2026-03-22 10:06:00'),
    (5, 2, 4, 38.00, '手工具支持混批', '2026-03-02 10:08:00', '2026-03-22 10:08:00'),
    (6, 2, 5, 15.50, '整套包装，可次日达', '2026-03-02 10:10:00', '2026-03-22 10:10:00'),
    (7, 2, 11, 6.20, '劳保用品稳定供货', '2026-03-02 10:12:00', '2026-03-22 10:12:00'),
    (8, 3, 6, 0.52, '大批量可再议价', '2026-03-02 10:14:00', '2026-03-22 10:14:00'),
    (9, 3, 7, 2.60, '水暖常规配件有现货', '2026-03-02 10:16:00', '2026-03-22 10:16:00'),
    (10, 3, 8, 22.00, '铜件本周价格稳定', '2026-03-02 10:18:00', '2026-03-22 10:18:00'),
    (11, 4, 9, 158.00, '工地项目可整车配货', '2026-03-02 10:20:00', '2026-03-22 10:20:00'),
    (12, 4, 10, 88.00, '正泰原厂渠道', '2026-03-02 10:22:00', '2026-03-22 10:22:00'),
    (13, 5, 1, 292.00, '综合五金补货渠道，库存稳定', '2026-03-02 10:24:00', '2026-03-22 10:24:00'),
    (14, 5, 2, 405.00, '角磨机可搭配切割片发货', '2026-03-02 10:26:00', '2026-03-22 10:26:00'),
    (15, 5, 7, 2.80, '可与其他五金件一起拼单', '2026-03-02 10:28:00', '2026-03-22 10:28:00'),
    (16, 5, 9, 162.00, '二批补货可走快运', '2026-03-02 10:30:00', '2026-03-22 10:30:00'),
    (17, 5, 12, 6.10, '切割片可整箱配送', '2026-03-02 10:32:00', '2026-03-22 10:32:00');

-- ----------------------------
-- 采购单
-- ----------------------------
INSERT INTO purchase_order (id, order_no, supplier_id, total_amount, payment_status, order_date, remark, create_time, update_time) VALUES
    (1, 'PO20260305001', 1, 13124.00, 1, '2026-03-05', '春季电动工具补货', '2026-03-05 10:00:00', '2026-03-06 10:00:00'),
    (2, 'PO20260308001', 2, 1942.00, 1, '2026-03-08', '门店手工具补货', '2026-03-08 10:00:00', '2026-03-09 10:00:00'),
    (3, 'PO20260310001', 3, 868.00, 0, '2026-03-10', '水暖紧固件常规采购', '2026-03-10 10:00:00', '2026-03-10 10:00:00'),
    (4, 'PO20260312001', 4, 5360.00, 0, '2026-03-12', '电工材料备货', '2026-03-12 10:00:00', '2026-03-12 10:00:00'),
    (5, 'PO20260315001', 5, 7026.00, 1, '2026-03-15', '低库存二次补货', '2026-03-15 10:00:00', '2026-03-16 10:00:00');

INSERT INTO purchase_item (id, order_id, product_id, quantity, price, amount) VALUES
    (1, 1, 1, 20, 286.00, 5720.00),
    (2, 1, 2, 15, 398.00, 5970.00),
    (3, 1, 3, 30, 42.00, 1260.00),
    (4, 1, 12, 30, 5.80, 174.00),
    (5, 2, 4, 25, 38.00, 950.00),
    (6, 2, 5, 40, 15.50, 620.00),
    (7, 2, 11, 60, 6.20, 372.00),
    (8, 3, 6, 200, 0.52, 104.00),
    (9, 3, 7, 40, 2.60, 104.00),
    (10, 3, 8, 30, 22.00, 660.00),
    (11, 4, 9, 20, 158.00, 3160.00),
    (12, 4, 10, 25, 88.00, 2200.00),
    (13, 5, 1, 10, 292.00, 2920.00),
    (14, 5, 2, 10, 405.00, 4050.00),
    (15, 5, 7, 20, 2.80, 56.00);

-- ----------------------------
-- 销售单
-- ----------------------------
INSERT INTO sales_order (id, order_no, customer_user_id, customer_name, customer_phone, order_source, total_amount, payment_status, order_date, remark, create_time, update_time) VALUES
    (1, 'SO20260314001', NULL, '华都装饰', '13900010001', 'MANUAL', 4356.00, 1, '2026-03-14', '工地常用耗材配送', '2026-03-14 14:00:00', '2026-03-14 14:00:00'),
    (2, 'SO20260316001', NULL, '兴达机电', '13800020002', 'MANUAL', 6524.00, 1, '2026-03-16', '月中机电配货', '2026-03-16 15:00:00', '2026-03-16 15:00:00'),
    (3, 'SO20260318001', NULL, '城建维护队', '13700030003', 'MANUAL', 9593.40, 0, '2026-03-18', '市政维修材料', '2026-03-18 11:00:00', '2026-03-18 11:00:00'),
    (4, 'SO20260320001', NULL, '恒安物业', '13600040004', 'MANUAL', 1325.60, 1, '2026-03-20', '日常物业耗材', '2026-03-20 16:00:00', '2026-03-20 16:00:00'),
    (5, 'SO20260322001', NULL, '鑫达水电', '13500050005', 'MANUAL', 13909.70, 0, '2026-03-22', '大客户集中出货', '2026-03-22 17:00:00', '2026-03-22 17:00:00'),
    (6, 'SO20260325001', 21, '王晓雨', '13700001111', 'MINIAPP', 638.00, 0, '2026-03-25', '到店自提', '2026-03-25 10:00:00', '2026-03-25 10:00:00');

INSERT INTO sales_item (id, order_id, product_id, quantity, price, amount) VALUES
    (1, 1, 1, 8, 499.00, 3992.00),
    (2, 1, 4, 5, 68.00, 340.00),
    (3, 1, 6, 20, 1.20, 24.00),
    (4, 2, 2, 6, 699.00, 4194.00),
    (5, 2, 3, 4, 89.00, 356.00),
    (6, 2, 9, 5, 228.00, 1140.00),
    (7, 2, 10, 6, 139.00, 834.00),
    (8, 3, 1, 7, 498.00, 3486.00),
    (9, 3, 2, 8, 698.00, 5584.00),
    (10, 3, 7, 18, 5.80, 104.40),
    (11, 3, 8, 6, 49.00, 294.00),
    (12, 3, 12, 10, 12.50, 125.00),
    (13, 4, 4, 8, 69.00, 552.00),
    (14, 4, 5, 10, 39.00, 390.00),
    (15, 4, 6, 35, 1.20, 42.00),
    (16, 4, 7, 16, 5.60, 89.60),
    (17, 4, 11, 8, 18.00, 144.00),
    (18, 4, 12, 9, 12.00, 108.00),
    (19, 5, 1, 9, 499.00, 4491.00),
    (20, 5, 2, 7, 699.00, 4893.00),
    (21, 5, 3, 8, 88.00, 704.00),
    (22, 5, 6, 25, 1.18, 29.50),
    (23, 5, 7, 17, 5.60, 95.20),
    (24, 5, 8, 9, 49.00, 441.00),
    (25, 5, 9, 8, 229.00, 1832.00),
    (26, 5, 10, 8, 139.00, 1112.00),
    (27, 5, 11, 12, 18.00, 216.00),
    (28, 5, 12, 8, 12.00, 96.00),
    (29, 6, 4, 2, 69.00, 138.00),
    (30, 6, 10, 2, 139.00, 278.00),
    (31, 6, 8, 2, 49.00, 98.00),
    (32, 6, 11, 6, 18.00, 108.00),
    (33, 6, 12, 1, 12.00, 12.00),
    (34, 6, 7, 1, 5.80, 5.80);

-- ----------------------------
-- 库存流水
-- ----------------------------
INSERT INTO inventory_log (id, product_id, type, quantity, before_stock, after_stock, ref_type, ref_order_id, create_time) VALUES
    (1, 1, 1, 20, 0, 20, 'PURCHASE', 1, '2026-03-05 10:10:00'),
    (2, 2, 1, 15, 0, 15, 'PURCHASE', 1, '2026-03-05 10:11:00'),
    (3, 3, 1, 30, 0, 30, 'PURCHASE', 1, '2026-03-05 10:12:00'),
    (4, 12, 1, 30, 0, 30, 'PURCHASE', 1, '2026-03-05 10:13:00'),
    (5, 4, 1, 25, 0, 25, 'PURCHASE', 2, '2026-03-08 10:10:00'),
    (6, 5, 1, 40, 0, 40, 'PURCHASE', 2, '2026-03-08 10:11:00'),
    (7, 11, 1, 60, 0, 60, 'PURCHASE', 2, '2026-03-08 10:12:00'),
    (8, 6, 1, 200, 0, 200, 'PURCHASE', 3, '2026-03-10 10:10:00'),
    (9, 7, 1, 40, 0, 40, 'PURCHASE', 3, '2026-03-10 10:11:00'),
    (10, 8, 1, 30, 0, 30, 'PURCHASE', 3, '2026-03-10 10:12:00'),
    (11, 9, 1, 20, 0, 20, 'PURCHASE', 4, '2026-03-12 10:10:00'),
    (12, 10, 1, 25, 0, 25, 'PURCHASE', 4, '2026-03-12 10:11:00'),
    (13, 1, 2, 8, 20, 12, 'SALES', 1, '2026-03-14 14:10:00'),
    (14, 4, 2, 5, 25, 20, 'SALES', 1, '2026-03-14 14:11:00'),
    (15, 6, 2, 20, 200, 180, 'SALES', 1, '2026-03-14 14:12:00'),
    (16, 1, 1, 10, 12, 22, 'PURCHASE', 5, '2026-03-15 10:10:00'),
    (17, 2, 1, 10, 15, 25, 'PURCHASE', 5, '2026-03-15 10:11:00'),
    (18, 7, 1, 20, 40, 60, 'PURCHASE', 5, '2026-03-15 10:12:00'),
    (19, 2, 2, 6, 25, 19, 'SALES', 2, '2026-03-16 15:10:00'),
    (20, 3, 2, 4, 30, 26, 'SALES', 2, '2026-03-16 15:11:00'),
    (21, 9, 2, 5, 20, 15, 'SALES', 2, '2026-03-16 15:12:00'),
    (22, 10, 2, 6, 25, 19, 'SALES', 2, '2026-03-16 15:13:00'),
    (23, 1, 2, 7, 22, 15, 'SALES', 3, '2026-03-18 11:10:00'),
    (24, 2, 2, 8, 19, 11, 'SALES', 3, '2026-03-18 11:11:00'),
    (25, 7, 2, 18, 60, 42, 'SALES', 3, '2026-03-18 11:12:00'),
    (26, 8, 2, 6, 30, 24, 'SALES', 3, '2026-03-18 11:13:00'),
    (27, 12, 2, 10, 30, 20, 'SALES', 3, '2026-03-18 11:14:00'),
    (28, 4, 2, 8, 20, 12, 'SALES', 4, '2026-03-20 16:10:00'),
    (29, 5, 2, 10, 40, 30, 'SALES', 4, '2026-03-20 16:11:00'),
    (30, 6, 2, 35, 180, 145, 'SALES', 4, '2026-03-20 16:12:00'),
    (31, 7, 2, 16, 42, 26, 'SALES', 4, '2026-03-20 16:13:00'),
    (32, 11, 2, 8, 60, 52, 'SALES', 4, '2026-03-20 16:14:00'),
    (33, 12, 2, 9, 20, 11, 'SALES', 4, '2026-03-20 16:15:00'),
    (34, 1, 2, 9, 15, 6, 'SALES', 5, '2026-03-22 17:10:00'),
    (35, 2, 2, 7, 11, 4, 'SALES', 5, '2026-03-22 17:11:00'),
    (36, 3, 2, 8, 26, 18, 'SALES', 5, '2026-03-22 17:12:00'),
    (37, 6, 2, 25, 145, 120, 'SALES', 5, '2026-03-22 17:13:00'),
    (38, 7, 2, 17, 26, 9, 'SALES', 5, '2026-03-22 17:14:00'),
    (39, 8, 2, 9, 24, 15, 'SALES', 5, '2026-03-22 17:15:00'),
    (40, 9, 2, 8, 15, 7, 'SALES', 5, '2026-03-22 17:16:00'),
    (41, 10, 2, 8, 19, 11, 'SALES', 5, '2026-03-22 17:17:00'),
    (42, 11, 2, 12, 52, 40, 'SALES', 5, '2026-03-22 17:18:00'),
    (43, 12, 2, 8, 11, 3, 'SALES', 5, '2026-03-22 17:19:00'),
    (44, 4, 2, 2, 12, 10, 'SALES', 6, '2026-03-25 10:01:00'),
    (45, 10, 2, 2, 11, 9, 'SALES', 6, '2026-03-25 10:02:00'),
    (46, 8, 2, 2, 15, 13, 'SALES', 6, '2026-03-25 10:03:00'),
    (47, 11, 2, 6, 40, 34, 'SALES', 6, '2026-03-25 10:04:00'),
    (48, 12, 2, 1, 3, 2, 'SALES', 6, '2026-03-25 10:05:00'),
    (49, 7, 2, 1, 9, 8, 'SALES', 6, '2026-03-25 10:06:00');

-- ----------------------------
-- 财务记录
-- ----------------------------
INSERT INTO finance_record (id, type, amount, ref_type, ref_order_id, payment_status, remark, create_time, update_time) VALUES
    (1, 2, 13124.00, 'PURCHASE', 1, 1, '采购单: PO20260305001', '2026-03-05 10:20:00', '2026-03-06 10:00:00'),
    (2, 2, 1942.00, 'PURCHASE', 2, 1, '采购单: PO20260308001', '2026-03-08 10:20:00', '2026-03-09 10:00:00'),
    (3, 2, 868.00, 'PURCHASE', 3, 0, '采购单: PO20260310001', '2026-03-10 10:20:00', '2026-03-10 10:20:00'),
    (4, 2, 5360.00, 'PURCHASE', 4, 0, '采购单: PO20260312001', '2026-03-12 10:20:00', '2026-03-12 10:20:00'),
    (5, 2, 7026.00, 'PURCHASE', 5, 1, '采购单: PO20260315001', '2026-03-15 10:20:00', '2026-03-16 10:00:00'),
    (6, 1, 4356.00, 'SALES', 1, 1, '销售单: SO20260314001', '2026-03-14 14:20:00', '2026-03-14 14:20:00'),
    (7, 1, 6524.00, 'SALES', 2, 1, '销售单: SO20260316001', '2026-03-16 15:20:00', '2026-03-16 15:20:00'),
    (8, 1, 9593.40, 'SALES', 3, 0, '销售单: SO20260318001', '2026-03-18 11:20:00', '2026-03-18 11:20:00'),
    (9, 1, 1325.60, 'SALES', 4, 1, '销售单: SO20260320001', '2026-03-20 16:20:00', '2026-03-20 16:20:00'),
    (10, 1, 13909.70, 'SALES', 5, 0, '销售单: SO20260322001', '2026-03-22 17:20:00', '2026-03-22 17:20:00'),
    (11, 1, 638.00, 'SALES', 6, 0, '销售单: SO20260325001', '2026-03-25 10:10:00', '2026-03-25 10:10:00');

-- ----------------------------
-- 站内消息
-- ----------------------------
INSERT INTO message (id, sender_id, receiver_id, type, product_id, reply_to_message_id, title, content, is_read, create_time) VALUES
    (1, 1, 101, 'RESTOCK_NOTICE', 1, NULL, '电钻 补货提醒', '当前电钻库存仅剩 6 台，请尽快安排补货。', 0, '2026-03-24 08:10:00'),
    (2, 101, 1, 'RESTOCK_REPLY', 1, 1, '电钻 补货回复', '已收到，今天 15:00 去店里补货。', 0, '2026-03-24 09:15:00'),
    (3, 103, 1, 'GENERAL', NULL, NULL, '水暖配件补货安排', 'PPR 弯头和铜球阀已安排明早出库。', 0, '2026-03-24 09:20:00'),
    (4, 104, 1, 'GENERAL', NULL, NULL, '电线报价确认', 'BV2.5 电线本周价格维持不变，可按原价供货。', 1, '2026-03-23 17:10:00'),
    (5, 1, 104, 'RESTOCK_NOTICE', 9, NULL, 'BV2.5电线 补货提醒', '当前电线库存仅剩 7 卷，请尽快补货。', 0, '2026-03-24 08:30:00'),
    (6, 105, 1, 'GENERAL', NULL, NULL, '角磨机到货说明', '角磨机新批次预计后天下午入库。', 0, '2026-03-24 09:40:00'),
    (7, 1, 103, 'GENERAL', NULL, NULL, '对账提醒', '请核对 3 月中旬水暖配件供货清单。', 1, '2026-03-23 16:30:00'),
    (8, 103, 1, 'GENERAL', NULL, NULL, '对账已确认', '3 月 10 日采购单已核对无误。', 1, '2026-03-23 18:05:00'),
    (9, 1, 105, 'GENERAL', NULL, NULL, '月末询价', '请确认角磨机和切割片本周补货价格。', 0, '2026-03-24 08:45:00'),
    (10, 102, 1, 'GENERAL', NULL, NULL, '手工具交期反馈', '活动扳手和螺丝刀套装均可本周补齐。', 1, '2026-03-23 15:30:00');

SET FOREIGN_KEY_CHECKS = 1;
